Model,Accuracy,Precision,Recall,F1 Score
Logistic Regression,0.9736842105263158,0.9722222222222222,0.9859154929577465,0.9790209790209791
Random Forest,0.9649122807017544,0.958904109589041,0.9859154929577465,0.9722222222222222
Support Vector Machine,0.9736842105263158,0.9722222222222222,0.9859154929577465,0.9790209790209791
